{
	"class_name" : "PinholeCameraParameters",
	"extrinsic" : 
	[
		0.70351933157803004,
		0.46160162884082862,
		0.54035588860259121,
		0.0,
		0.15827113681457408,
		-0.84301103714747061,
		0.51408427178719285,
		0.0,
		0.6928281152980329,
		-0.27614548248892279,
		-0.66613277591898734,
		0.0,
		-0.75865386884103059,
		0.32088678670823567,
		1.5841260233287817,
		1.0
	],
	"intrinsic" : 
	{
		"height" : 768,
		"intrinsic_matrix" : 
		[
			665.1075101064489,
			0.0,
			0.0,
			0.0,
			665.1075101064489,
			0.0,
			511.5,
			383.5,
			1.0
		],
		"width" : 1024
	},
	"version_major" : 1,
	"version_minor" : 0
}