{
	"class_name" : "PinholeCameraParameters",
	"extrinsic" : 
	[
		0.74558080581034347,
		-0.40602000708671648,
		-0.5284477418368837,
		0.0,
		0.003540840539343032,
		-0.7905459262685941,
		0.61239252192397453,
		0.0,
		-0.66640582564641049,
		-0.45845925915552577,
		-0.5879782166365457,
		0.0,
		-0.04036532050319841,
		0.80765229394528815,
		2.0195883439866646,
		1.0
	],
	"intrinsic" : 
	{
		"height" : 768,
		"intrinsic_matrix" : 
		[
			665.1075101064489,
			0.0,
			0.0,
			0.0,
			665.1075101064489,
			0.0,
			511.5,
			383.5,
			1.0
		],
		"width" : 1024
	},
	"version_major" : 1,
	"version_minor" : 0
}