{
	"class_name" : "PinholeCameraParameters",
	"extrinsic" : 
	[
		-0.86847248782793507,
		-0.3078317391147396,
		-0.38858095460219366,
		0.0,
		0.06410411487959819,
		-0.84699853838025951,
		0.52771596378848296,
		0.0,
		-0.49157522348208371,
		0.43339715778405735,
		0.75532820898152642,
		0.0,
		0.632420475058045,
		0.35205936241893959,
		1.6563735813357319,
		1.0
	],
	"intrinsic" : 
	{
		"height" : 768,
		"intrinsic_matrix" : 
		[
			665.1075101064489,
			0.0,
			0.0,
			0.0,
			665.1075101064489,
			0.0,
			511.5,
			383.5,
			1.0
		],
		"width" : 1024
	},
	"version_major" : 1,
	"version_minor" : 0
}