{
	"class_name" : "PinholeCameraParameters",
	"extrinsic" : 
	[
		-0.5682174709455563,
		-0.034969477844372307,
		-0.82213505054311364,
		0.0,
		-0.14256521027922547,
		-0.97980427039975049,
		0.14020967343394325,
		0.0,
		-0.81043449243617227,
		0.19687744239933821,
		0.55175647358596458,
		0.0,
		0.74235398074654546,
		0.39913339725225483,
		2.1563940567209512,
		1.0
	],
	"intrinsic" : 
	{
		"height" : 768,
		"intrinsic_matrix" : 
		[
			665.1075101064489,
			0.0,
			0.0,
			0.0,
			665.1075101064489,
			0.0,
			511.5,
			383.5,
			1.0
		],
		"width" : 1024
	},
	"version_major" : 1,
	"version_minor" : 0
}