{
	"class_name" : "PinholeCameraParameters",
	"extrinsic" : 
	[
		-0.65021735993787111,
		-0.35131405470708288,
		0.67364368905282102,
		0.0,
		0.28164372687822858,
		-0.93495088412036553,
		-0.21573978629981252,
		0.0,
		0.70561618174866625,
		0.04944976489141048,
		0.70686669521672729,
		0.0,
		-0.16447676376024345,
		0.60356580488078648,
		1.5244635799923958,
		1.0
	],
	"intrinsic" : 
	{
		"height" : 768,
		"intrinsic_matrix" : 
		[
			665.1075101064489,
			0.0,
			0.0,
			0.0,
			665.1075101064489,
			0.0,
			511.5,
			383.5,
			1.0
		],
		"width" : 1024
	},
	"version_major" : 1,
	"version_minor" : 0
}