{
	"class_name" : "PinholeCameraParameters",
	"extrinsic" : 
	[
		-0.69535663525144364,
		-0.45329905953096844,
		0.55767294397355371,
		0.0,
		0.082988784338805341,
		-0.82144119487963829,
		-0.56422267326710607,
		0.0,
		0.71385713660770955,
		-0.34605537993658164,
		0.60881332322082948,
		0.0,
		-0.049526771419194704,
		0.79094826956142783,
		1.4797153931140195,
		1.0
	],
	"intrinsic" : 
	{
		"height" : 768,
		"intrinsic_matrix" : 
		[
			665.1075101064489,
			0.0,
			0.0,
			0.0,
			665.1075101064489,
			0.0,
			511.5,
			383.5,
			1.0
		],
		"width" : 1024
	},
	"version_major" : 1,
	"version_minor" : 0
}