{
	"class_name" : "PinholeCameraParameters",
	"extrinsic" : 
	[
		0.72306380617736654,
		-0.36398772112205385,
		0.58710448053874864,
		0.0,
		0.049456120188162346,
		-0.82045536163312749,
		-0.56956746022169158,
		0.0,
		0.68900858076821803,
		0.44086952541520502,
		-0.57524015609824919,
		0.0,
		-0.71322591148126846,
		0.36286389598190838,
		2.0457791572117525,
		1.0
	],
	"intrinsic" : 
	{
		"height" : 768,
		"intrinsic_matrix" : 
		[
			665.1075101064489,
			0.0,
			0.0,
			0.0,
			665.1075101064489,
			0.0,
			511.5,
			383.5,
			1.0
		],
		"width" : 1024
	},
	"version_major" : 1,
	"version_minor" : 0
}