{
	"class_name" : "PinholeCameraParameters",
	"extrinsic" : 
	[
		-0.76106903047152841,
		0.30738806383491796,
		0.57121494121648142,
		0.0,
		0.082420602397830528,
		-0.8276310443381879,
		0.55518798505376477,
		0.0,
		0.64341337813065913,
		0.46961626106801385,
		0.60454924711142655,
		0.0,
		0.017194704372202829,
		0.024705839084404935,
		0.92891536634027438,
		1.0
	],
	"intrinsic" : 
	{
		"height" : 768,
		"intrinsic_matrix" : 
		[
			665.1075101064489,
			0.0,
			0.0,
			0.0,
			665.1075101064489,
			0.0,
			511.5,
			383.5,
			1.0
		],
		"width" : 1024
	},
	"version_major" : 1,
	"version_minor" : 0
}