{
	"class_name" : "PinholeCameraParameters",
	"extrinsic" : 
	[
		0.62982588497891667,
		0.51018437552156903,
		-0.58568870365083114,
		0.0,
		0.24076450210993966,
		-0.84512994020929066,
		-0.47727124225705625,
		0.0,
		-0.73847938978300354,
		0.159584733403629,
		-0.65511899967121656,
		0.0,
		-0.06447016668525607,
		0.085576085666637214,
		2.6120425523931337,
		1.0
	],
	"intrinsic" : 
	{
		"height" : 768,
		"intrinsic_matrix" : 
		[
			665.1075101064489,
			0.0,
			0.0,
			0.0,
			665.1075101064489,
			0.0,
			511.5,
			383.5,
			1.0
		],
		"width" : 1024
	},
	"version_major" : 1,
	"version_minor" : 0
}