{
	"class_name" : "PinholeCameraParameters",
	"extrinsic" : 
	[
		0.45223408949735316,
		0.12825263996514014,
		-0.88262992734127943,
		0.0,
		-0.09387434975548721,
		-0.97726591253550454,
		-0.19010245304606693,
		0.0,
		-0.88694528284132867,
		0.16882712026839691,
		-0.42991332697114171,
		0.0,
		0.25794974503253765,
		0.33193084232336012,
		2.8261627369925688,
		1.0
	],
	"intrinsic" : 
	{
		"height" : 768,
		"intrinsic_matrix" : 
		[
			665.1075101064489,
			0.0,
			0.0,
			0.0,
			665.1075101064489,
			0.0,
			511.5,
			383.5,
			1.0
		],
		"width" : 1024
	},
	"version_major" : 1,
	"version_minor" : 0
}