{
	"class_name" : "PinholeCameraParameters",
	"extrinsic" : 
	[
		0.86082046435127135,
		0.020062269371665768,
		-0.50851315961508825,
		0.0,
		-0.018836547711040919,
		-0.9972818692481118,
		-0.071232420563403509,
		0.0,
		-0.5085600383675376,
		0.070896957739035829,
		-0.8581027378810524,
		0.0,
		-0.16271085259707396,
		0.44228544936305619,
		2.4752900061635881,
		1.0
	],
	"intrinsic" : 
	{
		"height" : 768,
		"intrinsic_matrix" : 
		[
			665.1075101064489,
			0.0,
			0.0,
			0.0,
			665.1075101064489,
			0.0,
			511.5,
			383.5,
			1.0
		],
		"width" : 1024
	},
	"version_major" : 1,
	"version_minor" : 0
}