{
	"class_name" : "PinholeCameraParameters",
	"extrinsic" : 
	[
		-0.72857909210486793,
		0.25745016539908178,
		-0.63473767722078067,
		0.0,
		0.12676900611951847,
		-0.85998575439052549,
		-0.49432188028938034,
		0.0,
		-0.67312861002568891,
		-0.44061765123669805,
		0.59393093856402168,
		0.0,
		0.62217008365338677,
		0.50905878123133297,
		2.0347627929962466,
		1.0
	],
	"intrinsic" : 
	{
		"height" : 768,
		"intrinsic_matrix" : 
		[
			665.1075101064489,
			0.0,
			0.0,
			0.0,
			665.1075101064489,
			0.0,
			511.5,
			383.5,
			1.0
		],
		"width" : 1024
	},
	"version_major" : 1,
	"version_minor" : 0
}