{
	"class_name" : "PinholeCameraParameters",
	"extrinsic" : 
	[
		0.016099962228498545,
		0.9084081080922537,
		0.41777446112525063,
		0.0,
		-0.54617986911177163,
		-0.34199220438726408,
		0.76467567158592675,
		0.0,
		0.83751318902647087,
		-0.24049124992521548,
		0.4906481600048232,
		0.0,
		-0.88523886357355153,
		-0.55647320635516972,
		2.0043288448437306,
		1.0
	],
	"intrinsic" : 
	{
		"height" : 768,
		"intrinsic_matrix" : 
		[
			665.1075101064489,
			0.0,
			0.0,
			0.0,
			665.1075101064489,
			0.0,
			511.5,
			383.5,
			1.0
		],
		"width" : 1024
	},
	"version_major" : 1,
	"version_minor" : 0
}