{
	"class_name" : "PinholeCameraParameters",
	"extrinsic" : 
	[
		0.82859599846412157,
		0.12993526991133469,
		0.54455991126993009,
		0.0,
		-0.22834473488184664,
		0.96654594697668039,
		0.11682300473233558,
		0.0,
		-0.51116274647218252,
		-0.22114646281598249,
		0.83054613875629735,
		0.0,
		0.1868126109277517,
		-2.547349127828721,
		8.2466448052242765,
		1.0
	],
	"intrinsic" : 
	{
		"height" : 768,
		"intrinsic_matrix" : 
		[
			665.1075101064489,
			0.0,
			0.0,
			0.0,
			665.1075101064489,
			0.0,
			511.5,
			383.5,
			1.0
		],
		"width" : 1024
	},
	"version_major" : 1,
	"version_minor" : 0
}