{
	"class_name" : "PinholeCameraParameters",
	"extrinsic" : 
	[
		0.034769020204594721,
		0.80117304431388836,
		0.5974218512063556,
		0.0,
		-0.73576626456585936,
		-0.3840305049819161,
		0.55782486065981018,
		0.0,
		0.67634245701479856,
		-0.45895786768302699,
		0.57612373369879033,
		0.0,
		0.034571769733014235,
		-0.16866853999084663,
		1.775970727597143,
		1.0
	],
	"intrinsic" : 
	{
		"height" : 768,
		"intrinsic_matrix" : 
		[
			665.1075101064489,
			0.0,
			0.0,
			0.0,
			665.1075101064489,
			0.0,
			511.5,
			383.5,
			1.0
		],
		"width" : 1024
	},
	"version_major" : 1,
	"version_minor" : 0
}