{
	"class_name" : "PinholeCameraParameters",
	"extrinsic" : 
	[
		0.57154124650596838,
		0.12981544781968607,
		0.8102398120616997,
		0.0,
		-0.27825726110193261,
		0.95956399978807516,
		0.042542061007454335,
		0.0,
		-0.7719543381486077,
		-0.24976965351716654,
		0.58455249550015587,
		0.0,
		1.0362898085200314,
		-2.4887295106554448,
		8.4218104050002793,
		1.0
	],
	"intrinsic" : 
	{
		"height" : 768,
		"intrinsic_matrix" : 
		[
			665.1075101064489,
			0.0,
			0.0,
			0.0,
			665.1075101064489,
			0.0,
			511.5,
			383.5,
			1.0
		],
		"width" : 1024
	},
	"version_major" : 1,
	"version_minor" : 0
}